{"schemaVersion":"1.0","appDefinitionTemplate":{"id":"/providers/Microsoft.PowerApps/apps/","type":"Microsoft.PowerApps/apps","tags":{"primaryDeviceWidth":"640","primaryDeviceHeight":"1136","supportsPortrait":"true","supportsLandscape":"true","primaryFormFactor":"Phone","publisherVersion":"3.22043.27","minimumRequiredApiVersion":"2.2.0","hasComponent":"false","hasUnlockedComponent":"false","isUnifiedRootApp":"false","sienaVersion":"20220507T103836Z-3.22043.27.0"},"properties":{"appVersion":"2022-05-07T10:38:36Z","lifeCycleId":"Published","createdByClientVersion":{"major":3,"minor":22043,"build":27,"revision":0,"majorRevision":0,"minorRevision":0},"minClientVersion":{"major":3,"minor":22043,"build":27,"revision":0,"majorRevision":0,"minorRevision":0},"backgroundColor":"RGBA(0,176,240,1)","backgroundImageUri":"/11828067382878188354/Nf56f537b-0b8f-4003-8a0d-7c86551be05b-logoSmallFile","displayName":"Timesheet App","description":"","commitMessage":"Added color for dates","appUris":{"documentUri":{"value":"/11828067382878188354/Na5cd7b14-de2c-4dc3-98bb-45e5eba2cf30-document.msapp"},"imageUris":[]},"createdTime":"0001-01-01T00:00:00Z","lastModifiedTime":"0001-01-01T00:00:00Z","sharedGroupsCount":0,"sharedUsersCount":0,"icons":{"smallIconUri":"/11828067382878188354/N17e5b2f4-0164-4f38-93a3-8085811e76dc-small.png","mediumIconUri":"/11828067382878188354/N55e60c07-3e21-48a4-8c62-328a45915d6f-medium.png","largeIconUri":"/11828067382878188354/Na4039ab7-7e1d-4fa9-99be-98e7431feea2-large.png","wideIconUri":"/11828067382878188354/N6d59ced2-f758-4ddb-a911-23d1f146eefb-wide.png"},"connectionReferences":{"f7e90982-d9fd-47a5-8d4f-362af5e66346":{"id":"a2b0e8d5-3ab6-4bd9-b675-62ef25d9e3d7","displayName":"SharePoint","iconUri":"https://connectoricons-prod.azureedge.net/releases/v1.0.1568/1.0.1568.2757/sharepointonline/icon.png","dataSources":["TimesheetData","UserProfileList"],"dependencies":[],"dependents":[],"parameterHints":{},"parameterHintsV2":{},"isOnPremiseConnection":false,"bypassConsent":false,"dataSets":{"https://sumedhsstest.sharepoint.com/sites/TimeSheetApp":{"dataSources":{"TimesheetData":{"tableName":"18d8412c-11ca-40c2-95fe-e2cd8f14f002"},"UserProfileList":{"tableName":"51f6c168-a45b-4bac-8616-a6702f1d3af2"}}}},"apiTier":"Standard","isCustomApiConnection":false,"actions":["providers/PowerPlatform.Governance/Operations/Read"]},"fd081440-3dfc-4262-9457-c57cddc9acc3":{"id":"96084002-74cf-41d8-b415-c0260049940f","displayName":"Office 365 Users","iconUri":"https://connectoricons-prod.azureedge.net/releases/v1.0.1573/1.0.1573.2770/office365users/icon.png","dataSources":["Office365Users"],"dependencies":[],"dependents":[],"parameterHints":{},"parameterHintsV2":{},"isOnPremiseConnection":false,"bypassConsent":false,"dataSets":{},"apiTier":"Standard","isCustomApiConnection":false,"actions":["UserProfile"]}},"databaseReferences":{},"almMode":"Environment","performanceOptimizationEnabled":true,"canConsumeAppPass":true,"executionRestrictions":{"isTeamsOnly":false,"dataLossPreventionEvaluationResult":{"status":"Compliant","lastEvaluationDate":"2022-05-07T06:47:44.5692164Z","violations":[],"violationsByPolicy":[],"violationErrorMessage":"The app uses the following connectors: ."}}},"appType":"ClassicCanvasApp","appComponents":[]}}