{"name":"8239945e-7874-48ea-8b71-8f0f5c954bcb","id":"/providers/Microsoft.Flow/flows/8239945e-7874-48ea-8b71-8f0f5c954bcb","type":"Microsoft.Flow/flows","properties":{"apiId":"/providers/Microsoft.PowerApps/apis/shared_logicflows","displayName":"UpdateDummyTimesheetMonthly","definition":{"metadata":{"workflowEntityId":null,"processAdvisorMetadata":null,"flowclientsuspensionreason":"None","flowclientsuspensiontime":null,"creator":{"id":"79afd690-ecb1-45f9-97a6-14397443eb7d","type":"User","tenantId":"68c2f2a5-e5f1-4540-968e-c33bc10b03c1"},"provisioningMethod":"FromDefinition","failureAlertSubscription":true,"clientLastModifiedTime":"2022-05-07T10:23:50.7584352Z"},"$schema":"https://schema.management.azure.com/providers/Microsoft.Logic/schemas/2016-06-01/workflowdefinition.json#","contentVersion":"1.0.0.0","parameters":{"$connections":{"defaultValue":{},"type":"Object"},"$authentication":{"defaultValue":{},"type":"SecureObject"}},"triggers":{"Recurrence":{"recurrence":{"frequency":"Month","interval":1,"startTime":"2022-04-30T18:30:00.000Z"},"metadata":{"operationMetadataId":"0a0fc4b4-f00b-4c56-9103-5b5c7f36e197"},"type":"Recurrence"}},"actions":{"Get_items":{"runAfter":{"Initialize_variable_-_varTempDaysInMonth":["Succeeded"]},"metadata":{"operationMetadataId":"797da011-a1cb-4cfc-bda5-b85bef369d41"},"type":"OpenApiConnection","inputs":{"host":{"apiId":"/providers/Microsoft.PowerApps/apis/shared_sharepointonline","connectionName":"shared_sharepointonline","operationId":"GetItems"},"parameters":{"dataset":"https://sumedhsstest.sharepoint.com/sites/TimeSheetApp","table":"51f6c168-a45b-4bac-8616-a6702f1d3af2"},"authentication":"@parameters('$authentication')"}},"Current_time":{"runAfter":{},"metadata":{"operationMetadataId":"f390ba8c-9db3-450a-b151-30955a08c5a1"},"type":"Expression","kind":"CurrentTime","inputs":{}},"Initialize_variable_-_varStartOfM":{"runAfter":{"Current_time":["Succeeded"]},"metadata":{"operationMetadataId":"93020829-6df3-46a8-8e6c-a194401167c8"},"type":"InitializeVariable","inputs":{"variables":[{"name":"varStartOfM","type":"string","value":"@{startOfMonth(body('Current_time'))}"}]}},"Initialize_variable_-_varEndOfMonth":{"runAfter":{"Initialize_variable_-_varStartOfM":["Succeeded"]},"metadata":{"operationMetadataId":"b38568b8-e0ae-4fc5-8b97-10870a822833"},"type":"InitializeVariable","inputs":{"variables":[{"name":"varEndOfMonth","type":"string","value":"@{subtractFromTime(addToTime(variables('varStartOfM'), 1, 'month'), 1, 'second')}"}]}},"Initialize_variable_-_formattedStartofM":{"runAfter":{"Initialize_variable_-_varEndOfMonth":["Succeeded"]},"metadata":{"operationMetadataId":"5acdb69c-f691-4288-a36d-7a998ebd2898"},"type":"InitializeVariable","inputs":{"variables":[{"name":"formattedStartofM","type":"string","value":"@{formatDateTime(variables('varStartOfM'), 'MM-dd-yyyy')}"}]}},"Initialize_variable_-_formattedEndOfM":{"runAfter":{"Initialize_variable_-_formattedStartofM":["Succeeded"]},"metadata":{"operationMetadataId":"a0f5c8c1-8a0a-4801-8d45-a26f070f4453"},"type":"InitializeVariable","inputs":{"variables":[{"name":"formattedEndOfM","type":"string","value":"@{formatDateTime(variables('varEndOfMonth'), 'MM-dd-yyyy')}"}]}},"tickStartOfMonth":{"runAfter":{"Initialize_variable_-_formattedEndOfM":["Succeeded"]},"metadata":{"operationMetadataId":"91907d21-1816-4a5a-a933-ef7601f587cc"},"type":"Compose","inputs":"@ticks(variables('formattedStartofM'))"},"tickEndOfMonth":{"runAfter":{"tickStartOfMonth":["Succeeded"]},"metadata":{"operationMetadataId":"a4b4d8b3-2baa-4048-92e9-a1bb1acc5581"},"type":"Compose","inputs":"@ticks(variables('formattedEndOfM'))"},"Initialize_variable_-_daysInMonth":{"runAfter":{"tickEndOfMonth":["Succeeded"]},"metadata":{"operationMetadataId":"2c452316-d0cc-4b31-a38e-0a8be293250f"},"type":"InitializeVariable","inputs":{"variables":[{"name":"daysInMonth","type":"integer","value":"@add(div(sub(outputs('tickEndOfMonth'),outputs('tickStartOfMonth')), 864000000000), 1)"}]}},"Initialize_variable_-_varTempStartDate":{"runAfter":{"Initialize_variable_-_daysInMonth":["Succeeded"]},"metadata":{"operationMetadataId":"0b96052d-af09-490c-a964-889acd047b05"},"type":"InitializeVariable","inputs":{"variables":[{"name":"varTempStartDate","type":"string","value":"@variables('formattedStartofM')"}]}},"Initialize_variable_-_varTempDaysInMonth":{"runAfter":{"Initialize_variable_-_varTempStartDate":["Succeeded"]},"metadata":{"operationMetadataId":"b9546ba2-0d2e-4e5b-b5dc-8e78ba158fe8"},"type":"InitializeVariable","inputs":{"variables":[{"name":"varTempDaysInMonth","type":"integer","value":"@variables('daysInMonth')"}]}},"Apply_to_each_3":{"foreach":"@outputs('Get_items')?['body/value']","actions":{"Set_variable_-_varTempStartDate":{"runAfter":{},"metadata":{"operationMetadataId":"e2dc5047-4e58-48ed-82fd-66f7808903ec"},"type":"SetVariable","inputs":{"name":"varTempStartDate","value":"@variables('formattedStartofM')"}},"Set_variable_-_varTempDaysInMonth":{"runAfter":{"Set_variable_-_varTempStartDate":["Succeeded"]},"metadata":{"operationMetadataId":"b052245e-84a0-4702-8a41-b27ceed635b3"},"type":"SetVariable","inputs":{"name":"varTempDaysInMonth","value":"@variables('daysInMonth')"}},"Do_until":{"actions":{"Create_item":{"runAfter":{},"metadata":{"operationMetadataId":"c8723f78-fd3f-4fc5-be74-4d711f8dfd66"},"type":"OpenApiConnection","inputs":{"host":{"apiId":"/providers/Microsoft.PowerApps/apis/shared_sharepointonline","connectionName":"shared_sharepointonline","operationId":"PostItem"},"parameters":{"dataset":"https://sumedhsstest.sharepoint.com/sites/TimeSheetApp","table":"18d8412c-11ca-40c2-95fe-e2cd8f14f002","item/Title":"@items('Apply_to_each_3')?['Title']","item/Date":"@variables('varTempStartDate')","item/NoofHours":0,"item/UserName":"@items('Apply_to_each_3')?['UserName']","item/Project":"@items('Apply_to_each_3')?['Project/Value']"},"authentication":"@parameters('$authentication')"}},"Decrement_variable":{"runAfter":{"Create_item":["Succeeded"]},"metadata":{"operationMetadataId":"3405bd31-75dd-4a9b-8065-cbfe1cbdff86"},"type":"DecrementVariable","inputs":{"name":"varTempDaysInMonth","value":1}},"Set_variable":{"runAfter":{"Compose":["Succeeded"]},"metadata":{"operationMetadataId":"aa1d78c4-dec3-4596-8a9a-387d9266a072"},"type":"SetVariable","inputs":{"name":"varTempStartDate","value":"@{outputs('Compose')}"}},"Compose":{"runAfter":{"Decrement_variable":["Succeeded"]},"metadata":{"operationMetadataId":"071d8757-5e07-4bb7-ba20-6e9dbcafc1fb"},"type":"Compose","inputs":"@addDays(variables('varTempStartDate'), 1)"}},"runAfter":{"Set_variable_-_varTempDaysInMonth":["Succeeded"]},"expression":"@equals(variables('varTempDaysInMonth'), 0)","limit":{"count":60,"timeout":"PT1H"},"metadata":{"operationMetadataId":"718c2b95-3709-4434-a19c-89987436f4c9"},"type":"Until"}},"runAfter":{"Get_items":["Succeeded"]},"metadata":{"operationMetadataId":"18b235ad-82f2-4499-a6b0-0357662dab9a"},"type":"Foreach"}}},"connectionReferences":{"shared_sharepointonline":{"connectionName":"71b624d036b24aeb9f0231cb31153026","source":"Embedded","id":"/providers/Microsoft.PowerApps/apis/shared_sharepointonline","tier":"NotSpecified"}},"flowFailureAlertSubscribed":false,"isManaged":false}}